device,airconditioner,128
poll,coil,0,1,BE_BE
ref,onoff,0,uint8,rw,
poll,holding_register,0,3,BE_BE
ref,settemp,0,uint16,rw,C
ref,mode,1,uint16,rw,
ref,fan,2,uint16,rw,
poll,input_register,0,1,BE_BE
ref,roomtemp,0,uint16,r,C
device,freshair,1
poll,holding_register,0,8,BE_BE
ref,mode,0,uint16,rw,
ref,fan,2,uint16,rw,
ref,heater,3,uint16,rw,
ref,airtemp,4,uint16,r,C,1,-40
ref,settemp,7,uint16,rw,C
device,siemens,2
poll,holding_register,0,2,BE_BE
ref,drive_pasha,0,uint16,rw,,0.002
ref,drive_roma,1,uint16,rw,,0.002





